nr;gemeente;provincie;status;realisatiejaar;dak/grond;type;vermogen;regeling;;
1;Assen;Drenthe;gerealiseerd;2017;dak;lokale coöperatie;55;postcoderoos;;
2;Assen;Drenthe;gerealiseerd;2018;dak;lokale coöperatie;26;salderen;;
3;Assen;Drenthe;gerealiseerd;2013;dak;participatie;21;salderen;;
4;Coevorden;Drenthe;gerealiseerd;2017;dak;projectcoöperatie;44;postcoderoos;;
5;De Wolden;Drenthe;gerealiseerd;2015;dak;lokale coöperatie;166;SDE;;
6;De Wolden;Drenthe;gerealiseerd;2018;dak;lokale coöperatie;104;SDE;;
7;De Wolden;Drenthe;gerealiseerd;2018;dak;lokale coöperatie;56;postcoderoos;;
8;De Wolden;Drenthe;gerealiseerd;2017;dak;lokale coöperatie;50;postcoderoos;;
9;Langelo;Drenthe;gerealiseerd;2016;dak;lokale coöperatie;45;postcoderoos;;
10;Meppel;Drenthe;gerealiseerd;2018;dak;lokale coöperatie;45;postcoderoos;;
11;Assen;Drenthe;gepland;2019;dak;lokale coöperatie;;postcoderoos;;
12;Assen;Drenthe;gepland;2019;dak;lokale coöperatie;;postcoderoos;;
13;De Wolden;Drenthe;gepland;2019;dak;projectcoöperatie;47;postcoderoos;;
14;Emmen;Drenthe;gepland;2019;grond;lokale coöperatie;503;postcoderoos;;
15;Langelo;Drenthe;gepland;2019;grond;lokale coöperatie;825;SDE;;
16;Noordenveld;Drenthe;gepland;2019;dak;lokale coöperatie;75;postcoderoos;;
17;Noordenveld;Drenthe;gepland;2019;dak;lokale coöperatie;;SDE/postcoderoos;;
18;Westerveld;Drenthe;gepland;2019;dak;lokale coöperatie;275;postcoderoos;;
19;Assen;Drenthe;voorbereiding;2020;grond;lokale coöperatie;;onbekend;;
20;Coevorden;Drenthe;voorbereiding;2020;dak;lokale coöperatie;;postcoderoos;;
21;Coevorden;Drenthe;voorbereiding;2020;grond;projectcoöperatie;;postcoderoos;;
22;De Wolden;Drenthe;voorbereiding;2020;grond;lokale coöperatie;350;SDE;;
23;Emmen;Drenthe;voorbereiding;2020;dak;lokale coöperatie;286;postcoderoos;;
24;Midden-Drenthe;Drenthe;voorbereiding;2020;grond;lokale coöperatie;12300;SDE;;
25;Midden-Drenthe;Drenthe;voorbereiding;2020;dak;projectcoöperatie;;postcoderoos;;
26;;;;;;;;;;
(grootschalig, deel participatie met coöperatie);Midden-Drenthe;Drenthe;voorbereiding;2020;grond;lokale coöperatie;;SDE;;
27;Tynaarlo;Drenthe;stopgezet na realisatie;2016;grond;projectcoöperatie;23;postcoderoos;;
1;Almere;Flevoland;gerealiseerd;2017;dak;lokale coöperatie;19;SDE;;
2;Almere;Flevoland;gerealiseerd;2016;dak;lokale coöperatie;55;salderen;;
3;Almere;Flevoland;gerealiseerd;2015;dak;lokale coöperatie;30;salderen;;
4;Almere;Flevoland;gerealiseerd;2018;dak;lokale coöperatie;38;SDE;;
5;Almere;Flevoland;gerealiseerd;2018;dak;lokale coöperatie;29;SDE;;
6;Almere;Flevoland;gerealiseerd;2018;dak;lokale coöperatie;42;SDE;;
7;Almere;Flevoland;gerealiseerd;2018;dak;lokale coöperatie;52;SDE;;
8;Almere;Flevoland;gerealiseerd;2018;dak;lokale coöperatie;39;SDE;;
9;Almere;Flevoland;gerealiseerd;2018;dak;lokale coöperatie;54;SDE;;
10;Almere;Flevoland;gerealiseerd;2018;dak;lokale coöperatie;57;SDE;;
11;Noordoostpolder;Flevoland;gerealiseerd;2017;dak;lokale coöperatie;42;salderen;;
12;Noordoostpolder;Flevoland;gerealiseerd;2017;dak;lokale coöperatie;43;postcoderoos;;
13;Noordoostpolder;Flevoland;gerealiseerd;2017;dak;lokale coöperatie;47;postcoderoos;;
14;Noordoostpolder;Flevoland;gerealiseerd;2018;dak;lokale coöperatie;;postcoderoos;;
15;Noordoostpolder;Flevoland;gerealiseerd;2015;dak;participatie;39;SDE;;
16;Emmeloord;Flevoland;gepland;2019;grond;lokale coöperatie;;postcoderoos;;
17;Almere;Flevoland;voorbereiding;2020;grond;lokale coöperatie;;onbekend;;
1;Ameland;Friesland;gerealiseerd;2018;dak;lokale coöperatie;55;postcoderoos;;
2;Ameland;Friesland;gerealiseerd;2016;grond;lokale coöperatie;1980;SDE;;
3;de Fryske marren;Friesland;gerealiseerd;2016;dak;lokale coöperatie;59;postcoderoos;;
4;De Fryske Marren;Friesland;gerealiseerd;2018;dak;lokale coöperatie;68;postcoderoos;;
5;De Fryske Marren;Friesland;gerealiseerd;2012;dak;lokale coöperatie;2;salderen;;
6;Ferwerderadiel;Friesland;gerealiseerd;2018;dak;lokale coöperatie;60;postcoderoos;;
7;Ferwerderadiel;Friesland;gerealiseerd;2018;dak;lokale coöperatie;53;postcoderoos;;
8;Heerenveen;Friesland;gerealiseerd;2018;dak;lokale coöperatie;31;postcoderoos;;
9;Leeuwarden;Friesland;gerealiseerd;2014;dak;participatie;161;salderen;;
10;Leeuwarden;Friesland;gerealiseerd;2014;dak;participatie;91;salderen;;
11;Leeuwarden;Friesland;gerealiseerd;2013;dak;participatie;24;salderen;;
12;Leeuwarden;Friesland;gerealiseerd;2017;dak;participatie;50;SDE;;
13;Littenseradiel;Friesland;gerealiseerd;2018;dak;lokale coöperatie;77;postcoderoos;;
14;Schiermonnikoog;Friesland;gerealiseerd;2018;dak;lokale coöperatie;58;postcoderoos;;
15;Súdwest-Fryslân;Friesland;gerealiseerd;2017;dak;lokale coöperatie;55;postcoderoos;;
16;Súdwest-Fryslân;Friesland;gerealiseerd;2017;dak;lokale coöperatie;70;postcoderoos;;
17;Súdwest-Fryslân;Friesland;gerealiseerd;2018;dak;lokale coöperatie;59;postcoderoos;;
18;Terschelling;Friesland;gerealiseerd;2018;grond/ dak;lokale coöperatie;428;SDE;;
19;Tytsjerksteradiel;Friesland;gerealiseerd;2016;grond;lokale coöperatie;7000;SDE;;
20;Vlieland;Friesland;gerealiseerd;2018;grond;lokale coöperatie;1012;SDE;;
21;Waadhoeke;Friesland;gerealiseerd;2017;dak;lokale coöperatie;55;postcoderoos;;
22;Waadhoeke;Friesland;gerealiseerd;2018;dak;lokale coöperatie;55;postcoderoos;;
23;Waadhoeke;Friesland;gerealiseerd;2017;dak;lokale coöperatie;55;postcoderoos;;
24;Waadhoeke;Friesland;gerealiseerd;2018;dak;lokale coöperatie;55;postcoderoos;;
25;Waadhoeke;Friesland;gerealiseerd;2018;dak;lokale coöperatie;55;postcoderoos;;
26;Waadhoeke;Friesland;gerealiseerd;2018;dak;lokale coöperatie;10;salderen;;
27;Waadhoeke;Friesland;gerealiseerd;2016;dak;lokale coöperatie;312;SDE;;
28;Waadhoeke;Friesland;gerealiseerd;2017;dak;lokale coöperatie;39;postcoderoos;;
29;Weststellingwerf;Friesland;gerealiseerd;2018;dak;lokale coöperatie;54;postcoderoos;;
30;Bolsward;Friesland;gepland;2019;dak;lokale coöperatie;57;postcoderoos;;
31;de Fryske marren;Friesland;gepland;2019;dak;lokale coöperatie;55;postcoderoos;;
32;Dongeradeel;Friesland;gepland;2019;dak;lokale coöperatie;438;SDE;;
33;Ferwerderadiel;Friesland;gepland;2019;dak;lokale coöperatie;;postcoderoos;;
34;Fryske Marren;Friesland;gepland;2019;dak;lokale coöperatie;61;postcoderoos;;
35;Harlingen;Friesland;gepland;2019;grond;projectcoöperatie;917;SDE;;
36;Heerenveen;Friesland;gepland;2019;dak;lokale coöperatie;;postcoderoos;;
37;Kollumerland en Nieuwkruisland;Friesland;gepland;2019;dak;lokale coöperatie;55;postcoderoos;;
38;Leeuwarden;Friesland;gepland;2019;grond;lokale coöperatie;2600;SDE;;
39;Littenseradiel;Friesland;gepland;2019;dak;lokale coöperatie;77;postcoderoos;;
40;Ooststellingwerf;Friesland;gepland;2019;dak;lokale coöperatie;60;postcoderoos;;
41;Opsterland;Friesland;gepland;2019;dak;lokale coöperatie;432;postcoderoos;;
42;Opsterland;Friesland;gepland;2019;dak;lokale coöperatie;2000;SDE;;
43;Schiermonnikoog;Friesland;gepland;2019;dak;lokale coöperatie;58;postcoderoos;;
44;Súdwest-Fryslân;Friesland;gepland;2019;dak;lokale coöperatie;55;postcoderoos;;
45;Súdwest-Fryslân;Friesland;gepland;2019;dak;lokale coöperatie;377;postcoderoos;;
46;Súdwest-Fryslân;Friesland;gepland;2019;dak;lokale coöperatie;55;postcoderoos;;
47;Súdwest-Fryslân;Friesland;gepland;2019;grond;projectcoöperatie;67;postcoderoos;;
48;Tytsjerksteradiel;Friesland;gepland;2019;dak;lokale coöperatie;177;postcoderoos;;
49;Tytsjerksteradiel;Friesland;gepland;2019;dak;lokale coöperatie;1180;SDE;;
50;Waadhoeke;Friesland;gepland;2019;dak;lokale coöperatie;55;postcoderoos;;
51;Waadhoeke;Friesland;gepland;2019;dak;lokale coöperatie;175;SDE;;
52;Waadhoeke;Friesland;gepland;2019;dak;lokale coöperatie;55;postcoderoos;;
53;Waadhoeke;Friesland;gepland;2019;dak;lokale coöperatie;55;postcoderoos;;
54;Waadhoeke;Friesland;gepland;2019;dak;lokale coöperatie;55;postcoderoos;;
55;Waadhoeke;Friesland;gepland;2019;dak;lokale coöperatie;189;SDE;;
56;Achtkarspelen;Friesland;voorbereiding;2020;dak;lokale coöperatie;55;postcoderoos;;
57;Ameland;Friesland;voorbereiding;2020;grond;lokale coöperatie;1333;SDE;;
58;Dongeradeel;Friesland;voorbereiding;2020;dak;lokale coöperatie;371;postcoderoos;;
59;Heerenveen;Friesland;voorbereiding;2020;grond;lokale coöperatie;2000;SDE;;
60;Opsterland;Friesland;voorbereiding;2020;grond;lokale coöperatie;687;SDE;;
61;Súdwest-Fryslân;Friesland;voorbereiding;2020;dak;lokale coöperatie;138;SDE;;
62;Súdwest-Fryslân;Friesland;voorbereiding;2020;grond;lokale coöperatie;2340;SDE;;
63;Tytsjerksteradiel;Friesland;voorbereiding;2020;grond;lokale coöperatie;2400;SDE;;
64;Tytsjerksteradiel;Friesland;voorbereiding;2020;dak;lokale coöperatie;236;postcoderoos;;
65;Opsterland;Friesland;voorbereiding;2020;dak;lokale coöperatie;;postcoderoos;;
1;;;;;;;;;;
;Apeldoorn;Gelderland;gerealiseerd;2015;dak;lokale coöperatie;292;salderen;;
2;Apeldoorn;Gelderland;gerealiseerd;2018;dak;lokale coöperatie;64;postcoderoos;;
3;Apeldoorn;Gelderland;gerealiseerd;2014;dak;lokale coöperatie;63;salderen;;
4;Apeldoorn;Gelderland;gerealiseerd;2016;dak;lokale coöperatie;56;salderen;;
5;Apeldoorn;Gelderland;gerealiseerd;2015;dak;lokale coöperatie;129;salderen;;
6;Apeldoorn;Gelderland;gerealiseerd;2018;dak;lokale coöperatie;78;postcoderoos;;
7;Apeldoorn;Gelderland;gerealiseerd;2018;dak;lokale coöperatie;53;postcoderoos;;
8;Apeldoorn;Gelderland;gerealiseerd;2018;dak;lokale coöperatie;53;postcoderoos;;
9;Apeldoorn;Gelderland;gerealiseerd;2018;dak;lokale coöperatie;58;postcoderoos;;
10;Apeldoorn;Gelderland;gerealiseerd;2016;dak;lokale coöperatie;578;SDE;;
11;Apeldoorn;Gelderland;gerealiseerd;2016;dak;projectcoöperatie;37;postcoderoos;;
12;Arnhem;Gelderland;gerealiseerd;2013;dak;participatie;172;SDE;;
13;Arnhem;Gelderland;gerealiseerd;2014;dak;lokale coöperatie;8;salderen;;
14;Arnhem;Gelderland;gerealiseerd;2014;dak;lokale coöperatie;57;salderen;;
15;Arnhem;Gelderland;gerealiseerd;2016;dak;lokale coöperatie;34;salderen;;
16;Arnhem;Gelderland;gerealiseerd;2015;dak;lokale coöperatie;54;salderen;;
17;Barneveld;Gelderland;gerealiseerd;2017;dak;participatie;243;SDE;;
18;Berkelland;Gelderland;gerealiseerd;2017;dak;lokale coöperatie;131;postcoderoos;;
19;Berkelland;Gelderland;gerealiseerd;2015;dak;lokale coöperatie;47;postcoderoos;;
20;Berkelland;Gelderland;gerealiseerd;2016;dak;lokale coöperatie;22;postcoderoos;;
21;Berkelland;Gelderland;gerealiseerd;2017;dak;lokale coöperatie;101;postcoderoos;;
22;Berkelland;Gelderland;gerealiseerd;2017;dak;lokale coöperatie;98;postcoderoos;;
23;Bronckhorst;Gelderland;gerealiseerd;2018;dak;lokale coöperatie;222;postcoderoos;;
24;Bronckhorst;Gelderland;gerealiseerd;2016;dak;lokale coöperatie;50;postcoderoos;;
25;Bronckhorst;Gelderland;gerealiseerd;2018;dak;participatie;299;SDE;;
26;Bronckhorst;Gelderland;gerealiseerd;2018;dak;projectcoöperatie;60;postcoderoos;;
27;Bronckhorst;Gelderland;gerealiseerd;2018;dak;projectcoöperatie;68;postcoderoos;;
28;Bronckhorst;Gelderland;gerealiseerd;2018;dak;projectcoöperatie;67;postcoderoos;;
29;Culemborg;Gelderland;gerealiseerd;2018;dak;lokale coöperatie;226;SDE;;
30;Culemborg;Gelderland;gerealiseerd;2014;dak;lokale coöperatie;24;SDE;;
31;Culemborg;Gelderland;gerealiseerd;2016;dak;participatie;8;salderen;;
32;Druten;Gelderland;gerealiseerd;2015;dak;lokale coöperatie;19;salderen;;
33;Ede;Gelderland;gerealiseerd;2016;dak;lokale coöperatie;118;postcoderoos;;
34;Ede;Gelderland;gerealiseerd;2015;dak;lokale coöperatie;180;SDE;;
35;Ede;Gelderland;gerealiseerd;2017;dak;lokale coöperatie;99;postcoderoos;;
36;Ede;Gelderland;gerealiseerd;2018;dak;lokale coöperatie;76;postcoderoos;;
37;Eerbeek;Gelderland;gerealiseerd;2015;dak;lokale coöperatie;35;salderen;;
38;Geldermalsen;Gelderland;gerealiseerd;2017;dak;lokale coöperatie;31;postcoderoos;;
39;Harderwijk;Gelderland;gerealiseerd;2017;dak;participatie;275;SDE;;
40;Hattem;Gelderland;gerealiseerd;2018;dak;lokale coöperatie;105;SDE;;
41;Hattem;Gelderland;gerealiseerd;2018;dak;lokale coöperatie;26;postcoderoos;;
42;Hattem;Gelderland;gerealiseerd;2018;dak;lokale coöperatie;56;postcoderoos;;
43;Lingewaard;Gelderland;gerealiseerd;2018;water;lokale coöperatie;1845;SDE;;
44;Lochem;Gelderland;gerealiseerd;2015;dak;lokale coöperatie;53;postcoderoos;;
45;Lochem;Gelderland;gerealiseerd;2014;dak;lokale coöperatie;34;salderen;;
46;Lochem;Gelderland;gerealiseerd;2013;dak;lokale coöperatie;52;salderen;;
47;Lochem;Gelderland;gerealiseerd;2015;dak;lokale coöperatie;5;salderen;;
48;Lochem;Gelderland;gerealiseerd;2017;dak;lokale coöperatie;161;salderen;;
49;Lochem;Gelderland;gerealiseerd;2015;dak;lokale coöperatie;22;salderen;;
50;Lochem;Gelderland;gerealiseerd;2018;dak;lokale coöperatie;57;postcoderoos;;
51;Lochem;Gelderland;gerealiseerd;2015;grond;lokale coöperatie;97;SDE;;
52;Nederbetuwe;Gelderland;gerealiseerd;2014;dak;participatie;123;salderen;;
53;Neder-Betuwe;Gelderland;gerealiseerd;2013;dak;participatie;24;salderen;;
54;Neder-Betuwe;Gelderland;gerealiseerd;2013;dak;participatie;15;salderen;;
55;Neder-Betuwe;Gelderland;gerealiseerd;2014;dak;participatie;70;salderen;;
56;Neder-Betuwe;Gelderland;gerealiseerd;2012;dak;participatie;21;salderen;;
57;Neder-Betuwe;Gelderland;gerealiseerd;2016;dak;participatie;;SDE;;
58;Nijkerk;Gelderland;gerealiseerd;2017;dak;projectcoöperatie;54;postcoderoos;;
59;Nijkerk;Gelderland;gerealiseerd;2017;dak;projectcoöperatie;54;postcoderoos;;
60;Nijkerk;Gelderland;gerealiseerd;2018;dak;projectcoöperatie;179;postcoderoos;;
61;Nijkerk;Gelderland;gerealiseerd;2017;dak;projectcoöperatie;73;postcoderoos;;
62;Nijkerk;Gelderland;gerealiseerd;2017;dak;projectcoöperatie;73;postcoderoos;;
63;Nijkerk;Gelderland;gerealiseerd;2018;dak;projectcoöperatie;68;postcoderoos;;
64;Nijmegen;Gelderland;gerealiseerd;2012;dak;projectcoöperatie;67;anders;;
65;Nijmegen;Gelderland;gerealiseerd;2012;dak;projectcoöperatie;95;anders;;
66;Nunspeet;Gelderland;gerealiseerd;2018;dak;lokale coöperatie;48;postcoderoos;;
67;Oost Gerle;Gelderland;gerealiseerd;2017;dak;lokale coöperatie;91;postcoderoos;;
68;Oost Gerle;Gelderland;gerealiseerd;2016;dak;lokale coöperatie;104;postcoderoos;;
69;Oost Gerle;Gelderland;gerealiseerd;2018;dak;lokale coöperatie;91;postcoderoos;;
70;Oost Gerle;Gelderland;gerealiseerd;2017;dak;lokale coöperatie;120;postcoderoos;;
71;Oost Gerle;Gelderland;gerealiseerd;2016;dak;projectcoöperatie;115;postcoderoos;;
72;Oost Gerle;Gelderland;gerealiseerd;2018;dak;lokale coöperatie;146;postcoderoos;;
73;Oude IJsselstreek;Gelderland;gerealiseerd;2016;dak;lokale coöperatie;;salderen;;
74;Overbetuwe;Gelderland;gerealiseerd;2018;dak;lokale coöperatie;61;postcoderoos;;
75;Overbetuwe;Gelderland;gerealiseerd;2018;dak;lokale coöperatie;72;postcoderoos;;
76;Rheden;Gelderland;gerealiseerd;2016;dak;lokale coöperatie;23;salderen;;
77;Tiel;Gelderland;gerealiseerd;2015;dak;projectcoöperatie;50;postcoderoos;;
78;Tiel;Gelderland;gerealiseerd;2018;dak;lokale coöperatie;46;onbekend;;
79;Tiel;Gelderland;gerealiseerd;2013;dak;participatie;9;salderen;;
80;Tiel;Gelderland;gerealiseerd;2015;dak;participatie;60;SDE;;
81;Voorst;Gelderland;gerealiseerd;2015;dak;lokale coöperatie;104;SDE;;
82;Voorst;Gelderland;gerealiseerd;2018;dak;lokale coöperatie;98;salderen;;
83;Voorst;Gelderland;gerealiseerd;2018;dak;lokale coöperatie;335;postcoderoos;;
84;Voorst;Gelderland;gerealiseerd;2016;dak;participatie;146;SDE;;
85;Wageningen;Gelderland;gerealiseerd;2014;dak;participatie;3;salderen;;
86;Wageningen;Gelderland;gerealiseerd;2015;dak;lokale coöperatie;199;SDE;;
87;Wageningen;Gelderland;gerealiseerd;2018;dak;lokale coöperatie;298;SDE;;
88;Wageningen;Gelderland;gerealiseerd;2015;dak;participatie;39;salderen;;
89;West Maas en Waal;Gelderland;gerealiseerd;2017;dak;lokale coöperatie;23;salderen;;
90;Wijchen;Gelderland;gerealiseerd;2016;grond;lokale coöperatie;54;SDE;;
91;Wijchen;Gelderland;gerealiseerd;2018;dak;lokale coöperatie;348;SDE;;
92;Wijchen;Gelderland;gerealiseerd;2016;dak;lokale coöperatie;105;SDE;;
93;Zaltbommel;Gelderland;gerealiseerd;2018;dak;lokale coöperatie;113;postcoderoos;;
94;Zaltbommel;Gelderland;gerealiseerd;2016;dak;participatie;37;SDE;;
95;Zevenaar;Gelderland;gerealiseerd;2017;dak;projectcoöperatie;109;postcoderoos;;
96;Zutphen;Gelderland;gerealiseerd;2016;dak;lokale coöperatie;56;postcoderoos;;
97;Zutphen;Gelderland;gerealiseerd;2017;dak;projectcoöperatie;59;postcoderoos;;
98;Zutphen;Gelderland;gerealiseerd;2018;dak;lokale coöperatie;107;postcoderoos;;
99;Zutphen;Gelderland;gerealiseerd;2017;dak;lokale coöperatie;164;postcoderoos;;
100;Zutphen;Gelderland;gerealiseerd;2018;dak;lokale coöperatie;160;postcoderoos;;
101;Apeldoorn;Gelderland;gepland;2019;dak;lokale coöperatie;53;postcoderoos;;
102;Apeldoorn;Gelderland;gepland;2019;dak;lokale coöperatie;31;postcoderoos;;
103;Apeldoorn;Gelderland;gepland;2019;dak;projectcoöperatie;68;postcoderoos;;
104;Berg en Dal;Gelderland;gepland;2019;dak;lokale coöperatie;90;postcoderoos;;
105;Berg en Dal;Gelderland;gepland;2019;dak;lokale coöperatie;54;postcoderoos;;
106;Berg en Dal;Gelderland;gepland;2019;dak;lokale coöperatie;73;postcoderoos;;
107;Berg en Dal;Gelderland;gepland;2019;dak;lokale coöperatie;54;postcoderoos;;
108;Bronckhorst;Gelderland;gepland;2019;dak;lokale coöperatie;55;postcoderoos;;
109;Bronckhorst;Gelderland;gepland;2019;dak;lokale coöperatie;114;postcoderoos;;
110;Culemborg;Gelderland;gepland;2019;dak;lokale coöperatie;189;SDE;;
111;Culemborg;Gelderland;gepland;2019;dak;lokale coöperatie;130;onbekend;;
112;Doetinchem;Gelderland;gepland;2019;dak;lokale coöperatie;150;postcoderoos;;
113;Druten;Gelderland;gepland;2019;dak;lokale coöperatie;24;salderen;;
114;Duiven;Gelderland;gepland;2019;grond;projectcoöperatie;936;postcoderoos;;
115;Harderwijk;Gelderland;gepland;2019;dak;lokale coöperatie;521;SDE;;
116;Harderwijk;Gelderland;gepland;2019;dak;lokale coöperatie;196;postcoderoos;;
117;Hattem;Gelderland;gepland;2019;dak;lokale coöperatie;60;SDE;;
118;Hattem;Gelderland;gepland;2019;dak;lokale coöperatie;81;postcoderoos;;
119;Hattem;Gelderland;gepland;2019;dak;lokale coöperatie;85;SDE;;
120;Lochem;Gelderland;gepland;2019;dak;lokale coöperatie;39;postcoderoos;;
121;Lochem;Gelderland;gepland;2019;dak;lokale coöperatie;52;postcoderoos;;
122;Montferland;Gelderland;gepland;2019;dak;lokale coöperatie;136;postcoderoos;;
123;Neerijnen;Gelderland;gepland;2019;dak;lokale coöperatie;48;postcoderoos;;
124;Nijkerk;Gelderland;gepland;2019;dak;projectcoöperatie;;postcoderoos;;
125;Nijmegen;Gelderland;gepland;2019;dak;lokale coöperatie;156;postcoderoos;;
126;Nijmegen;Gelderland;gepland;2019;dak;projectcoöperatie;66;postcoderoos;;
127;Nijmegen;Gelderland;gepland;2019;dak;lokale coöperatie;494;SDE;;
128;Nijmegen;Gelderland;gepland;2019;grond;lokale coöperatie;5525;SDE;;
129;Oost Gerle;Gelderland;gepland;2019;dak;lokale coöperatie;67;postcoderoos;;
130;Overbetuwe;Gelderland;gepland;2019;water;lokale coöperatie;1800;SDE;;
131;Rheden;Gelderland;gepland;2019;dak;lokale coöperatie;275;postcoderoos;;
132;Voorst;Gelderland;gepland;2019;dak;participatie;155;SDE;;
133;Winterswijk;Gelderland;gepland;2019;dak;lokale coöperatie;149;postcoderoos;;
134;Zaltbommel;Gelderland;gepland;2019;grond;projectcoöperatie;338;SDE/;;
postcoderoos;;;;;;;;;;
135;Aalten;Gelderland;voorbereiding;2020;dak;lokale coöperatie;;postcoderoos;;
136;Arnhem;Gelderland;voorbereiding;2020;dak;projectcoöperatie;10400;postcoderoos;;
137;Berkelland;Gelderland;voorbereiding;2020;dak;lokale coöperatie;;postcoderoos;;
138;Bronckhorst;Gelderland;voorbereiding;2020;onbe- kend;projectcoöperatie;550;postcoderoos;;
139;Bronckhorst;Gelderland;voorbereiding;2020;dak;lokale coöperatie;;postcoderoos;;
140;Brummen;Gelderland;voorbereiding;2020;grond;lokale coöperatie;4988;SDE;;
141;Brummen;Gelderland;voorbereiding;2020;grond;lokale coöperatie;2360;SDE;;
142;Ede;Gelderland;voorbereiding;2020;grond;lokale coöperatie;1300;postcoderoos;;
143;Kerk Avezaath;Gelderland;voorbereiding;2020;onbe- kend;projectcoöperatie;110;SDE;;
144;Lochem;Gelderland;voorbereiding;2020;dak;lokale coöperatie;247;postcoderoos;;
145;meerdere locaties;Gelderland;voorbereiding;2020;dak;lokale coöperatie;750;onbekend;;
146;Oldebroek;Gelderland;voorbereiding;2020;dak;projectcoöperatie;;onbekend;;
147;Oost Gerle;Gelderland;voorbereiding;2020;dak;lokale coöperatie;65;postcoderoos;;
148;Oude IJsselstreek;Gelderland;voorbereiding;2020;dak;projectcoöperatie;120;postcoderoos;;
149;Tiel;Gelderland;voorbereiding;2020;grond;projectcoöperatie;520;SDE/;;
postcoderoos;;;;;;;;;;
150;Zutphen;Gelderland;voorbereiding;2020;grond/ dak;lokale coöperatie;1475;postcoderoos;;
151;Harderwijk;Gelderland;voorbereiding;2020;anders;lokale coöperatie;;onbekend;;
1;Bedum;Groningen;gerealiseerd;2018;dak;lokale coöperatie;96;postcoderoos;;
2;De Marne;Groningen;gerealiseerd;2018;dak;lokale coöperatie;169;postcoderoos;;
3;Eemsmond;Groningen;gerealiseerd;2018;dak;lokale coöperatie;215;SDE;;
4;Eemsmond;Groningen;gerealiseerd;2018;dak;lokale coöperatie;34;postcoderoos;;
5;Groningen;Groningen;gerealiseerd;2018;dak;lokale coöperatie;185;postcoderoos;;
6;Groningen;Groningen;gerealiseerd;2016;dak;lokale coöperatie;92;postcoderoos;;
7;Groningen;Groningen;gerealiseerd;2017;dak;lokale coöperatie;64;postcoderoos;;
8;Groningen;Groningen;gerealiseerd;2016;dak;lokale coöperatie;274;salderen;;
9;Groningen;Groningen;gerealiseerd;2017;dak;lokale coöperatie;114;salderen;;
10;Groningen;Groningen;gerealiseerd;2018;dak;lokale coöperatie;10;salderen;;
11;Groningen;Groningen;gerealiseerd;2018;dak;lokale coöperatie;63;salderen;;
12;Groningen;Groningen;gerealiseerd;2015;dak;lokale coöperatie;7;postcoderoos;;
13;Groningen;Groningen;gerealiseerd;2017;grond;lokale coöperatie;2295;SDE;;
14;Groningen;Groningen;gerealiseerd;2014;dak;participatie;143;SDE;;
15;Groningen;Groningen;gerealiseerd;2014;dak;participatie;159;SDE;;
16;Leek;Groningen;gerealiseerd;2016;dak;participatie;178;SDE;;
17;Loppersum;Groningen;gerealiseerd;2017;dak;lokale coöperatie;51;postcoderoos;;
18;Loppersum;Groningen;gerealiseerd;2018;grond;lokale coöperatie;420;postcoderoos;;
19;Menterwolde;Groningen;gerealiseerd;2018;grond;lokale coöperatie;216;postcoderoos;;
20;Midden-Groningen;Groningen;gerealiseerd;2018;dak;lokale coöperatie;17;postcoderoos;;
21;Pekela;Groningen;gerealiseerd;2018;dak;lokale coöperatie;56;postcoderoos;;
22;Ten Boer;Groningen;gerealiseerd;2018;dak;lokale coöperatie;49;postcoderoos;;
23;Winsum;Groningen;gerealiseerd;2017;dak;lokale coöperatie;60;postcoderoos;;
24;Zuidhorn;Groningen;gerealiseerd;2016;dak;lokale coöperatie;54;postcoderoos;;
25;Zuidhorn;Groningen;gerealiseerd;2018;dak;lokale coöperatie;29;postcoderoos;;
26;Appingedam;Groningen;gepland;2019;dak;projectcoöperatie;144;postcoderoos;;
27;Bedum;Groningen;gepland;2019;dak;lokale coöperatie;110;postcoderoos;;
28;De Marne;Groningen;gepland;2019;dak;lokale coöperatie;110;postcoderoos;;
29;De Marne;Groningen;gepland;2019;dak;lokale coöperatie;55;postcoderoos;;
30;De Marne;Groningen;gepland;2019;dak;lokale coöperatie;55;postcoderoos;;
31;Eemsmond;Groningen;gepland;2019;dak;lokale coöperatie;215;SDE;;
32;Eemsmond;Groningen;gepland;2019;dak;lokale coöperatie;499;SDE;;
33;Eemsmond;Groningen;gepland;2019;dak;lokale coöperatie;499;SDE;;
34;Eemsmond;Groningen;gepland;2019;dak;lokale coöperatie;900;SDE;;
35;Eemsmond;Groningen;gepland;2019;dak;lokale coöperatie;450;SDE;;
36;Eemsmond;Groningen;gepland;2019;dak;lokale coöperatie;470;SDE;;
37;Eemsmond;Groningen;gepland;2019;grond;lokale coöperatie;428;SDE/;;
postcoderoos;;;;;;;;;;
38;Groningen;Groningen;gepland;2019;dak;lokale coöperatie;81;postcoderoos;;
39;Groningen;Groningen;gepland;2019;dak;lokale coöperatie;54;salderen;;
40;Groningen;Groningen;gepland;2019;dak;lokale coöperatie;54;postcoderoos;;
41;Groningen;Groningen;gepland;2019;dak;lokale coöperatie;;postcoderoos;;
42;Haren;Groningen;gepland;2019;grond;lokale coöperatie;1450;SDE;;
43;Haren;Groningen;gepland;2019;dak;lokale coöperatie;114;postcoderoos;;
44;Loppersum;Groningen;gepland;2019;dak;lokale coöperatie;90;postcoderoos;;
45;Menterwolde;Groningen;gepland;2019;grond;lokale coöperatie;108;postcoderoos;;
46;Stedum;Groningen;gepland;2019;dak;lokale coöperatie;52;postcoderoos;;
47;De Wolden;Groningen;voorbereiding;2020;dak;projectcoöperatie;;postcoderoos;;
48;Delfzijl;Groningen;voorbereiding;2020;grond;lokale coöperatie;8500;onbekend;;
49;Groningen;Groningen;voorbereiding;2020;dak;lokale coöperatie;247;salderen;;
50;Groningen;Groningen;voorbereiding;2020;dak;lokale coöperatie;68;salderen;;
51;Groningen;Groningen;voorbereiding;2020;dak;lokale coöperatie;114;salderen;;
52;Groningen;Groningen;voorbereiding;2020;dak;lokale coöperatie;594;postcoderoos;;
53;Groningen;Groningen;voorbereiding;2020;grond;lokale coöperatie;140;postcoderoos;;
54;Leek;Groningen;voorbereiding;2020;grond;lokale coöperatie;1770;SDE/;;
postcoderoos;;;;;;;;;;
55;Loppersum;Groningen;voorbereiding;2020;dak;lokale coöperatie;;postcoderoos;;
56;Menterwolde;Groningen;voorbereiding;2020;onbe- kend;lokale coöperatie;522;SDE;;
57;Steendam;Groningen;voorbereiding;2020;grond;lokale coöperatie;;onbekend;;
58;Ten Boer;Groningen;voorbereiding;2020;grond;lokale coöperatie;650;postcoderoos;;
59;Winsum;Groningen;voorbereiding;2020;dak;lokale coöperatie;;postcoderoos;;
60;Winsum;Groningen;voorbereiding;2020;grond;lokale coöperatie;188;postcoderoos;;
61;Grootegast;Groningen;voorbereiding;2020;dak;lokale coöperatie;;postcoderoos;;
62;Haren;Groningen;voorbereiding;2020;dak;lokale coöperatie;;postcoderoos;;
63;Midden-Groningen;Groningen;voorbereiding;2020;dak;lokale coöperatie;;postcoderoos;;
64;Oldambt;Groningen;voorbereiding;2020;onbe- kend;lokale coöperatie;;SDE;;
65;Oldambt;Groningen;voorbereiding;2020;dak;lokale coöperatie;;postcoderoos;;
66;Westerwolde;Groningen;voorbereiding;2020;dak;lokale coöperatie;;postcoderoos;;
1;Leudal;Limburg;gerealiseerd;2015;dak;lokale coöperatie;60;SDE;;
2;Leudal;Limburg;gerealiseerd;2015;dak;lokale coöperatie;60;SDE;;
3;Leudal;Limburg;gerealiseerd;2018;dak;lokale coöperatie;42;postcoderoos;;
4;Peel en Maas;Limburg;gerealiseerd;2016;dak;lokale coöperatie;31;salderen;;
5;Weert;Limburg;gerealiseerd;2018;dak;lokale coöperatie;650;SDE/;;
postcoderoos;;;;;;;;;;
6;Weert;Limburg;gerealiseerd;2018;grond;lokale coöperatie;910;SDE/;;
postcoderoos;;;;;;;;;;
7;Beek;Limburg;gepland;2019;dak;lokale coöperatie;198;postcoderoos;;
8;Beesel;Limburg;gepland;2019;dak;lokale coöperatie;187;postcoderoos;;
9;Bergen;Limburg;gepland;2019;dak;lokale coöperatie;51;postcoderoos;;
10;Gulpen-Wittem;Limburg;gepland;2019;dak;lokale coöperatie;72;postcoderoos;;
11;Horst aan de Maas;Limburg;gepland;2019;dak;lokale coöperatie;107;SDE;;
12;Leudal;Limburg;gepland;2019;dak;lokale coöperatie;1827;SDE;;
13;Maastricht;Limburg;gepland;2019;dak;lokale coöperatie;83;postcoderoos;;
14;Roerdalen;Limburg;gepland;2019;dak;lokale coöperatie;55;postcoderoos;;
15;Sittard-Geleen;Limburg;gepland;2019;dak;lokale coöperatie;165;postcoderoos;;
16;Sittard-Geleen;Limburg;gepland;2019;dak;lokale coöperatie;234;postcoderoos;;
17;Echt-Susteren;Limburg;voorbereiding;2020;dak;lokale coöperatie;;postcoderoos;;
18;Heerlen;Limburg;voorbereiding;2020;dak;lokale coöperatie;90;onbekend;;
19;Horst aan de Maas;Limburg;voorbereiding;2020;grond;lokale coöperatie;1750;SDE;;
20;Maastricht;Limburg;voorbereiding;2020;dak;lokale coöperatie;;postcoderoos;;
21;Maastricht;Limburg;voorbereiding;2020;dak;projectcoöperatie;480;onbekend;;
22;Nederweert;Limburg;voorbereiding;2020;dak;lokale coöperatie;232;postcoderoos;;
23;Venlo;Limburg;voorbereiding;2020;grond;lokale coöperatie;6655;SDE/;;
postcoderoos;;;;;;;;;;
24;Venray;Limburg;voorbereiding;2020;grond;lokale coöperatie;;SDE;;
1;Bernheze;Noord-Brabant;gerealiseerd;2018;dak;lokale coöperatie;53;postcoderoos;;
2;Bernheze;Noord-Brabant;gerealiseerd;2016;dak;participatie;80;SDE;;
3;Boekel;Noord-Brabant;gerealiseerd;2018;dak;lokale coöperatie;86;postcoderoos;;
4;Boxmeer;Noord-Brabant;gerealiseerd;2018;dak;lokale coöperatie;396;SDE/;;
postcoderoos;;;;;;;;;;
5;Breda;Noord-Brabant;gerealiseerd;2016;grond;lokale coöperatie;1777;SDE;;
6;Breda;Noord-Brabant;gerealiseerd;2017;dak;lokale coöperatie;243;postcoderoos;;
7;Breda;Noord-Brabant;gerealiseerd;2017;dak;lokale coöperatie;75;salderen;;
8;Breda;Noord-Brabant;gerealiseerd;2017;dak;lokale coöperatie;295;SDE;;
9;Breda;Noord-Brabant;gerealiseerd;2016;dak;lokale coöperatie;91;SDE;;
10;Breda;Noord-Brabant;gerealiseerd;2017;dak;projectcoöperatie;48;postcoderoos;;
11;Breda;Noord-Brabant;gerealiseerd;2017;dak;participatie;70;SDE;;
12;Cuijk;Noord-Brabant;gerealiseerd;2017;dak;lokale coöperatie;48;postcoderoos;;
13;Cuijk;Noord-Brabant;gerealiseerd;2018;dak;lokale coöperatie;53;postcoderoos;;
14;Den Bosch;Noord-Brabant;gerealiseerd;2014;dak;projectcoöperatie;140;SDE;;
15;Den Bosch;Noord-Brabant;gerealiseerd;2017;dak;projectcoöperatie;104;SDE;;
16;Deurne;Noord-Brabant;gerealiseerd;2018;grond;lokale coöperatie;2216;postcoderoos;;
(PCR-deel andere deel SDE niet collectief);;;;;;;;;;
17;Dongen;Noord-Brabant;gerealiseerd;2018;dak;lokale coöperatie;116;postcoderoos;;
18;Dongen;Noord-Brabant;gerealiseerd;2014;dak;lokale coöperatie;9;salderen;;
19;Eersel;Noord-Brabant;gerealiseerd;2018;dak;lokale coöperatie;75;postcoderoos;;
20;Eindhoven;Noord-Brabant;gerealiseerd;2018;grond;lokale coöperatie;3036;postcoderoos;;
21;Eindhoven;Noord-Brabant;gerealiseerd;2014;dak;lokale coöperatie;57;postcoderoos;;
22;Eindhoven;Noord-Brabant;gerealiseerd;2018;dak;participatie;498;SDE;;
23;EttenLeur;Noord-Brabant;gerealiseerd;2017;dak;projectcoöperatie;44;postcoderoos;;
24;Gemert-Bakel;Noord-Brabant;gerealiseerd;2018;dak;projectcoöperatie;115;postcoderoos;;
25;Gemert-Bakel;Noord-Brabant;gerealiseerd;2017;dak;lokale coöperatie;53;postcoderoos;;
26;Gilze en Rijen;Noord-Brabant;gerealiseerd;2017;dak;lokale coöperatie;29;postcoderoos;;
27;Goirle;Noord-Brabant;gerealiseerd;2016;dak;lokale coöperatie;162;postcoderoos;;
28;Goirle;Noord-Brabant;gerealiseerd;2018;dak;lokale coöperatie;206;postcoderoos;;
29;Goirle;Noord-Brabant;gerealiseerd;2017;dak;lokale coöperatie;157;postcoderoos;;
30;Goirle;Noord-Brabant;gerealiseerd;2018;dak;lokale coöperatie;85;postcoderoos;;
31;Grave;Noord-Brabant;gerealiseerd;2018;dak;participatie;54;SDE;;
32;Grave;Noord-Brabant;gerealiseerd;2017;dak;participatie;54;SDE;;
33;Grave;Noord-Brabant;gerealiseerd;2017;dak;participatie;144;SDE;;
34;Haaren;Noord-Brabant;gerealiseerd;2018;dak;projectcoöperatie;59;postcoderoos;;
35;Halderberge;Noord-Brabant;gerealiseerd;2018;dak;lokale coöperatie;81;postcoderoos;;
36;Halderberge;Noord-Brabant;gerealiseerd;2016;dak;lokale coöperatie;166;SDE;;
37;Heusden;Noord-Brabant;gerealiseerd;2015;dak;lokale coöperatie;6;salderen;;
38;Heusden;Noord-Brabant;gerealiseerd;2017;dak;lokale coöperatie;73;postcoderoos;;
39;Loon op Zand;Noord-Brabant;gerealiseerd;2017;dak;lokale coöperatie;112;SDE;;
40;Meierijstad;Noord-Brabant;gerealiseerd;2016;dak;lokale coöperatie;58;SDE;;
41;Meierijstad;Noord-Brabant;gerealiseerd;2017;dak;participatie;348;SDE;;
42;Nuenen, Gerwen en Nederwetten;Noord-Brabant;gerealiseerd;2016;dak;lokale coöperatie;67;postcoderoos;;
43;Nuenen, Gerwen en Nederwetten;Noord-Brabant;gerealiseerd;2018;dak;lokale coöperatie;55;postcoderoos;;
44;Nuenen, Gerwen en Nederwetten;Noord-Brabant;gerealiseerd;2018;dak;projectcoöperatie;56;postcoderoos;;
45;Oirschot;Noord-Brabant;gerealiseerd;2017;dak;projectcoöperatie;95;postcoderoos;;
46;Oss;Noord-Brabant;gerealiseerd;2017;dak;lokale coöperatie;56;postcoderoos;;
47;Vught;Noord-Brabant;gerealiseerd;2016;dak;lokale coöperatie;91;SDE;;
48;Vught;Noord-Brabant;gerealiseerd;2017;dak;lokale coöperatie;83;salderen;;
49;Waalre;Noord-Brabant;gerealiseerd;2018;dak;lokale coöperatie;68;postcoderoos;;
50;Waalre;Noord-Brabant;gerealiseerd;2017;dak;lokale coöperatie;41;postcoderoos;;
51;Bergen op Zoom;Noord-Brabant;gepland;2019;dak;lokale coöperatie;104;postcoderoos;;
52;Bergen op Zoom;Noord-Brabant;gepland;2019;dak;lokale coöperatie;186;postcoderoos;;
53;Bernheze;Noord-Brabant;gepland;2019;grond;lokale coöperatie;900;postcoderoos;;
54;Boekel;Noord-Brabant;gepland;2019;dak;lokale coöperatie;76;postcoderoos;;
55;Dongen;Noord-Brabant;gepland;2019;grond;lokale coöperatie;6750;SDE/;;
postcoderoos;;;;;;;;;;
56;Drimmelen;Noord-Brabant;gepland;2019;dak;lokale coöperatie;;postcoderoos;;
57;Eersel;Noord-Brabant;gepland;2019;dak;lokale coöperatie;77;postcoderoos;;
58;Gemert-Bakel;Noord-Brabant;gepland;2019;dak;projectcoöperatie;97;postcoderoos;;
59;Gilze en Rijen;Noord-Brabant;gepland;2019;dak;lokale coöperatie;142;SDE/;;
postcoderoos;;;;;;;;;;
60;Gilze en Rijen;Noord-Brabant;gepland;2019;dak;lokale coöperatie;157;SDE;;
61;Goirle;Noord-Brabant;gepland;2019;dak;lokale coöperatie;81;postcoderoos;;
62;Halderberge;Noord-Brabant;gepland;2019;dak;lokale coöperatie;;postcoderoos;;
63;Halderberge;Noord-Brabant;gepland;2019;grond;lokale coöperatie;;SDE/;;
postcoderoos;;;;;;;;;;
64;Heusden;Noord-Brabant;gepland;2019;dak;lokale coöperatie;138;postcoderoos;;
65;Heusden;Noord-Brabant;gepland;2019;dak;lokale coöperatie;138;postcoderoos;;
66;Loon op Zand;Noord-Brabant;gepland;2019;dak;lokale coöperatie;58;postcoderoos;;
67;Meierijstad;Noord-Brabant;gepland;2019;dak;lokale coöperatie;57;SDE;;
68;Nuenen, Gerwen en Nederwetten;Noord-Brabant;gepland;2019;dak;projectcoöperatie;;postcoderoos;;
69;Reusel-De Mierden;Noord-Brabant;gepland;2019;dak;participatie;555;SDE;;
70;Tilburg;Noord-Brabant;gepland;2019;dak;lokale coöperatie;56;postcoderoos;;
71;Uden;Noord-Brabant;gepland;2019;dak;lokale coöperatie;182;postcoderoos;;
72;Udenhout;Noord-Brabant;gepland;2019;dak;lokale coöperatie;256;postcoderoos;;
73;Bergeijk;Noord-Brabant;voorbereiding;2020;dak;lokale coöperatie;;postcoderoos;;
74;Breda;Noord-Brabant;voorbereiding;2020;dak;lokale coöperatie;;postcoderoos;;
75;Breda;Noord-Brabant;voorbereiding;2020;grond;lokale coöperatie;;postcoderoos;;
76;Drimmelen;Noord-Brabant;voorbereiding;2020;grond;lokale coöperatie;10000;onbekend;;
77;Etten-Leur;Noord-Brabant;voorbereiding;2020;dak;lokale coöperatie;240;SDE;;
78;Etten-Leur;Noord-Brabant;voorbereiding;2020;dak;lokale coöperatie;;postcoderoos;;
79;Heusden;Noord-Brabant;voorbereiding;2020;grond;lokale coöperatie;;onbekend;;
80;Heusden;Noord-Brabant;voorbereiding;2020;grond;lokale coöperatie;1200;SDE;;
81;Hilvarenbeek;Noord-Brabant;voorbereiding;2020;dak;lokale coöperatie;;SDE/;;
postcoderoos;;;;;;;;;;
82;Moerdijk;Noord-Brabant;voorbereiding;2020;grond;lokale coöperatie;;postcoderoos;;
83;Oirschot;Noord-Brabant;voorbereiding;2020;dak;projectcoöperatie;202;postcoderoos;;
84;Waalre;Noord-Brabant;voorbereiding;2020;grond;lokale coöperatie;1123;SDE;;
85;Waalwijk;Noord-Brabant;voorbereiding;2020;grond;lokale coöperatie;;SDE/;;
postcoderoos;;;;;;;;;;
1;Alkmaar;Noord-Holland;gerealiseerd;2018;dak;lokale coöperatie;84;postcoderoos;;
2;Alkmaar;Noord-Holland;gerealiseerd;2014;dak;lokale coöperatie;5;salderen;;
3;Alkmaar;Noord-Holland;gerealiseerd;2014;dak;lokale coöperatie;5;salderen;;
4;Alkmaar;Noord-Holland;gerealiseerd;2018;dak;projectcoöperatie;81;postcoderoos;;
5;Amstelveen;Noord-Holland;gerealiseerd;2018;dak;projectcoöperatie;40;postcoderoos;;
6;Amstelveen;Noord-Holland;gerealiseerd;2018;dak;projectcoöperatie;40;postcoderoos;;
7;Amstelveen;Noord-Holland;gerealiseerd;2015;dak;participatie;71;SDE;;
8;Amsterdam;Noord-Holland;gerealiseerd;2017;dak;lokale coöperatie;83;SDE;;
9;Amsterdam;Noord-Holland;gerealiseerd;2016;dak;lokale coöperatie;59;postcoderoos;;
10;Amsterdam;Noord-Holland;gerealiseerd;2018;dak;lokale coöperatie;480;SDE;;
11;Amsterdam;Noord-Holland;gerealiseerd;2018;dak;lokale coöperatie;170;postcoderoos;;
12;Amsterdam;Noord-Holland;gerealiseerd;2018;dak;lokale coöperatie;99;postcoderoos;;
13;Amsterdam;Noord-Holland;gerealiseerd;2017;dak;lokale coöperatie;39;postcoderoos;;
14;Amsterdam;Noord-Holland;gerealiseerd;2015;dak;lokale coöperatie;88;SDE;;
15;Amsterdam;Noord-Holland;gerealiseerd;2016;dak;lokale coöperatie;72;postcoderoos;;
16;Amsterdam;Noord-Holland;gerealiseerd;2018;dak;lokale coöperatie;31;postcoderoos;;
17;Amsterdam;Noord-Holland;gerealiseerd;2018;dak;lokale coöperatie;307;postcoderoos;;
18;Amsterdam;Noord-Holland;gerealiseerd;2017;dak;lokale coöperatie;96;postcoderoos;;
19;Amsterdam;Noord-Holland;gerealiseerd;2014;dak;participatie;15;salderen;;
20;Amsterdam;Noord-Holland;gerealiseerd;2016;dak;participatie;28;SDE;;
21;Amsterdam;Noord-Holland;gerealiseerd;2018;dak;participatie;413;SDE;;
22;Amsterdam;Noord-Holland;gerealiseerd;2011;dak;projectcoöperatie;15;salderen;;
23;Amsterdam;Noord-Holland;gerealiseerd;2015;dak;projectcoöperatie;31;postcoderoos;;
24;Amsterdam;Noord-Holland;gerealiseerd;2018;dak;projectcoöperatie;254;postcoderoos;;
25;Amsterdam;Noord-Holland;gerealiseerd;2012;dak;projectcoöperatie;23;salderen;;
26;Amsterdam;Noord-Holland;gerealiseerd;2015;dak;projectcoöperatie;48;salderen;;
27;Amsterdam;Noord-Holland;gerealiseerd;2017;dak;projectcoöperatie;66;postcoderoos;;
28;Amsterdam;Noord-Holland;gerealiseerd;2016;dak;participatie;6;salderen;;
29;Amsterdam;Noord-Holland;gerealiseerd;2017;dak;participatie;64;SDE;;
30;Amsterdam;Noord-Holland;gerealiseerd;2017;dak;participatie;48;SDE;;
31;Amsterdam;Noord-Holland;gerealiseerd;2017;dak;participatie;48;SDE;;
32;Amsterdam;Noord-Holland;gerealiseerd;2018;dak;participatie;3030;SDE;;
33;Amsterdam;Noord-Holland;gerealiseerd;2018;dak;participatie;54;SDE;;
34;Amsterdam;Noord-Holland;gerealiseerd;2016;dak;participatie;23;salderen;;
35;Amsterdam;Noord-Holland;gerealiseerd;2017;dak;participatie;65;SDE;;
36;Amsterdam;Noord-Holland;gerealiseerd;2018;dak;lokale coöperatie;41;SDE;;
37;Amsterdam;Noord-Holland;gerealiseerd;2018;dak;lokale coöperatie;42;SDE;;
38;Amsterdam;Noord-Holland;gerealiseerd;2018;dak;lokale coöperatie;73;SDE;;
39;Amsterdam;Noord-Holland;gerealiseerd;2018;dak;lokale coöperatie;65;SDE;;
40;Amsterdam;Noord-Holland;gerealiseerd;2015;dak;lokale coöperatie;46;SDE;;
41;Amsterdam;Noord-Holland;gerealiseerd;2015;dak;lokale coöperatie;125;SDE;;
42;Amsterdam;Noord-Holland;gerealiseerd;2017;dak;lokale coöperatie;187;SDE;;
43;Amsterdam;Noord-Holland;gerealiseerd;2018;dak;lokale coöperatie;70;SDE;;
44;Amsterdam;Noord-Holland;gerealiseerd;2018;dak;lokale coöperatie;11;postcoderoos;;
45;Amsterdam;Noord-Holland;gerealiseerd;2017;dak;lokale coöperatie;37;salderen;;
46;Bergen;Noord-Holland;gerealiseerd;2016;dak;lokale coöperatie;154;SDE;;
47;Bergen;Noord-Holland;gerealiseerd;2015;dak;lokale coöperatie;48;postcoderoos;;
48;Bergen;Noord-Holland;gerealiseerd;2016;dak;lokale coöperatie;30;postcoderoos;;
49;Bergen;Noord-Holland;gerealiseerd;2016;grond;lokale coöperatie;157;postcoderoos;;
50;Bergen;Noord-Holland;gerealiseerd;2017;grond;lokale coöperatie;1154;SDE;;
51;Beverwijk;Noord-Holland;gerealiseerd;2016;dak;lokale coöperatie;88;salderen;;
52;Castricum;Noord-Holland;gerealiseerd;2015;dak;lokale coöperatie;17;salderen;;
53;Castricum;Noord-Holland;gerealiseerd;2013;dak;lokale coöperatie;29;salderen;;
54;Drechterland;Noord-Holland;gerealiseerd;2018;dak;lokale coöperatie;24;postcoderoos;;
55;Edam-Volendam;Noord-Holland;gerealiseerd;2016;dak;participatie;265;SDE;;
56;Enkhuizen;Noord-Holland;gerealiseerd;2016;dak;lokale coöperatie;22;postcoderoos;;
57;Gooise Meren;Noord-Holland;gerealiseerd;2014;dak;lokale coöperatie;13;salderen;;
58;Gooise Meren;Noord-Holland;gerealiseerd;2015;dak;lokale coöperatie;22;salderen;;
59;Haarlem;Noord-Holland;gerealiseerd;2015;dak;lokale coöperatie;370;postcoderoos;;
60;Haarlem;Noord-Holland;gerealiseerd;2017;dak;lokale coöperatie;75;postcoderoos;;
61;Haarlem;Noord-Holland;gerealiseerd;2018;dak;lokale coöperatie;154;postcoderoos;;
62;Haarlem;Noord-Holland;gerealiseerd;2016;dak;lokale coöperatie;68;postcoderoos;;
63;Haarlem;Noord-Holland;gerealiseerd;2016;dak;lokale coöperatie;72;SDE/;;
postcoderoos;;;;;;;;;;
64;Haarlem;Noord-Holland;gerealiseerd;2015;dak;lokale coöperatie;28;postcoderoos;;
65;Heemstede;Noord-Holland;gerealiseerd;2014;dak;projectcoöperatie;14;salderen;;
66;Heemstede;Noord-Holland;gerealiseerd;2014;dak;projectcoöperatie;29;salderen;;
67;Heemstede;Noord-Holland;gerealiseerd;2014;dak;projectcoöperatie;11;salderen;;
68;Heemstede;Noord-Holland;gerealiseerd;2015;dak;projectcoöperatie;51;postcoderoos;;
69;Heemstede;Noord-Holland;gerealiseerd;2017;dak;projectcoöperatie;72;postcoderoos;;
70;Heemstede;Noord-Holland;gerealiseerd;2018;dak;projectcoöperatie;77;postcoderoos;;
71;Heiloo;Noord-Holland;gerealiseerd;2018;dak;lokale coöperatie;78;postcoderoos;;
72;Heiloo;Noord-Holland;gerealiseerd;2017;dak;lokale coöperatie;57;postcoderoos;;
73;Heiloo;Noord-Holland;gerealiseerd;2017;dak;lokale coöperatie;72;postcoderoos;;
74;Hilversum;Noord-Holland;gerealiseerd;2016;dak;lokale coöperatie;27;postcoderoos;;
75;Hilversum;Noord-Holland;gerealiseerd;2018;dak;lokale coöperatie;216;postcoderoos;;
76;Hilversum;Noord-Holland;gerealiseerd;2018;dak;lokale coöperatie;148;postcoderoos;;
77;Hilversum;Noord-Holland;gerealiseerd;2017;dak;lokale coöperatie;85;postcoderoos;;
78;Hilversum;Noord-Holland;gerealiseerd;2017;dak;lokale coöperatie;75;postcoderoos;;
79;Hilversum;Noord-Holland;gerealiseerd;2017;dak;lokale coöperatie;116;postcoderoos;;
80;Hilversum;Noord-Holland;gerealiseerd;2018;dak;lokale coöperatie;594;postcoderoos;;
81;Hoofddorp;Noord-Holland;gerealiseerd;2015;dak;participatie;133;salderen;;
82;Hoorn;Noord-Holland;gerealiseerd;2018;dak;lokale coöperatie;60;postcoderoos;;
83;Medemblik;Noord-Holland;gerealiseerd;2015;dak;projectcoöperatie;181;postcoderoos;;
84;Purmerend;Noord-Holland;gerealiseerd;2018;dak;lokale coöperatie;43;postcoderoos;;
85;Purmerend;Noord-Holland;gerealiseerd;2016;dak;lokale coöperatie;71;postcoderoos;;
86;Schagen;Noord-Holland;gerealiseerd;2018;dak;lokale coöperatie;175;SDE;;
87;Schagen;Noord-Holland;gerealiseerd;2016;dak;participatie;194;SDE;;
88;Stede Broec;Noord-Holland;gerealiseerd;2015;dak;lokale coöperatie;62;postcoderoos;;
89;Stede Broec;Noord-Holland;gerealiseerd;2017;dak;lokale coöperatie;54;postcoderoos;;
90;Texel;Noord-Holland;gerealiseerd;2015;dak;lokale coöperatie;162;salderen;;
91;Texel;Noord-Holland;gerealiseerd;2018;dak;lokale coöperatie;63;postcoderoos;;
92;Waterland;Noord-Holland;gerealiseerd;2013;dak;lokale coöperatie;12;salderen;;
93;Waterland;Noord-Holland;gerealiseerd;2015;dak;projectcoöperatie;68;postcoderoos;;
94;Waterland;Noord-Holland;gerealiseerd;2016;dak;lokale coöperatie;72;postcoderoos;;
95;Waterland;Noord-Holland;gerealiseerd;2017;dak;lokale coöperatie;96;postcoderoos;;
96;Waterland;Noord-Holland;gerealiseerd;2018;dak;lokale coöperatie;246;postcoderoos;;
97;Waterland;Noord-Holland;gerealiseerd;2018;dak;lokale coöperatie;73;postcoderoos;;
98;Wormerland;Noord-Holland;gerealiseerd;2015;dak;lokale coöperatie;62;SDE;;
99;Zaanstad;Noord-Holland;gerealiseerd;2018;dak;lokale coöperatie;119;SDE;;
100;Alkmaar;Noord-Holland;gepland;2019;dak;lokale coöperatie;62;postcoderoos;;
101;Amsterdam;Noord-Holland;gepland;2019;dak;lokale coöperatie;210;postcoderoos;;
102;Amsterdam;Noord-Holland;gepland;2019;dak;lokale coöperatie;66;postcoderoos;;
103;Amsterdam;Noord-Holland;gepland;2019;dak;lokale coöperatie;21;postcoderoos;;
104;Amsterdam;Noord-Holland;gepland;2019;dak;projectcoöperatie;290;postcoderoos;;
105;Amsterdam;Noord-Holland;gepland;2019;dak;projectcoöperatie;17;postcoderoos;;
106;Amsterdam;Noord-Holland;gepland;2019;dak;projectcoöperatie;;postcoderoos;;
107;Amsterdam;Noord-Holland;gepland;2019;dak;projectcoöperatie;116;postcoderoos;;
108;Amsterdam;Noord-Holland;gepland;2019;dak;projectcoöperatie;54;postcoderoos;;
109;Amsterdam;Noord-Holland;gepland;2019;dak;projectcoöperatie;93;postcoderoos;;
110;Amsterdam;Noord-Holland;gepland;2019;dak;projectcoöperatie;73;postcoderoos;;
111;Amsterdam;Noord-Holland;gepland;2019;dak;participatie;104;SDE;;
112;Amsterdam;Noord-Holland;gepland;2019;dak;participatie;134;SDE;;
113;Amsterdam;Noord-Holland;gepland;2019;dak;lokale coöperatie;38;postcoderoos;;
114;Amsterdam;Noord-Holland;gepland;2019;dak;lokale coöperatie;55;SDE;;
115;Bergen;Noord-Holland;gepland;2019;dak;lokale coöperatie;106;postcoderoos;;
116;Bergen;Noord-Holland;gepland;2019;dak;lokale coöperatie;160;onbekend;;
117;Bergen;Noord-Holland;gepland;2019;grond;lokale coöperatie;1525;postcoderoos;;
118;Beverwijk;Noord-Holland;gepland;2019;dak;lokale coöperatie;495;postcoderoos;;
119;Gooise Meren;Noord-Holland;gepland;2019;dak;lokale coöperatie;127;postcoderoos;;
120;Haarlem;Noord-Holland;gepland;2019;dak;lokale coöperatie;66;postcoderoos;;
121;Haarlem;Noord-Holland;gepland;2019;dak;lokale coöperatie;82;postcoderoos;;
122;Haarlem;Noord-Holland;gepland;2019;dak;projectcoöperatie;210;postcoderoos;;
123;Haarlem;Noord-Holland;gepland;2019;dak;projectcoöperatie;;postcoderoos;;
124;Heemstede;Noord-Holland;gepland;2019;dak;projectcoöperatie;27;postcoderoos;;
125;Heemstede;Noord-Holland;gepland;2019;dak;projectcoöperatie;22;postcoderoos;;
126;Heiloo;Noord-Holland;gepland;2019;dak;lokale coöperatie;57;postcoderoos;;
127;Hilversum;Noord-Holland;gepland;2019;dak;lokale coöperatie;60;SDE;;
128;Hilversum;Noord-Holland;gepland;2019;dak;lokale coöperatie;29;salderen;;
129;Hilversum;Noord-Holland;gepland;2019;dak;lokale coöperatie;157;SDE;;
130;Hilversum;Noord-Holland;gepland;2019;dak;lokale coöperatie;540;SDE;;
131;Hilversum;Noord-Holland;gepland;2019;dak;lokale coöperatie;840;SDE;;
132;Hilversum;Noord-Holland;gepland;2019;dak;lokale coöperatie;162;SDE;;
133;Hollands Kroon;Noord-Holland;gepland;2019;dak;lokale coöperatie;60;SDE;;
134;Hoofddorp;Noord-Holland;gepland;2019;dak;lokale coöperatie;600;postcoderoos;;
135;Hoorn;Noord-Holland;gepland;2019;dak;lokale coöperatie;68;postcoderoos;;
136;Langedijk;Noord-Holland;gepland;2019;dak;participatie;;SDE;;
137;Purmerend;Noord-Holland;gepland;2019;dak;lokale coöperatie;150;postcoderoos;;
138;Schagen;Noord-Holland;gepland;2019;dak;lokale coöperatie;338;SDE;;
139;Texel;Noord-Holland;gepland;2019;grond;lokale coöperatie;750;SDE;;
140;Texel;Noord-Holland;gepland;2019;dak;lokale coöperatie;;postcoderoos;;
141;Velsen;Noord-Holland;gepland;2019;dak;lokale coöperatie;72;postcoderoos;;
142;Waterland;Noord-Holland;gepland;2019;dak;projectcoöperatie;78;postcoderoos;;
143;Waterland;Noord-Holland;gepland;2019;dak;lokale coöperatie;95;postcoderoos;;
144;Waterland;Noord-Holland;gepland;2019;dak;lokale coöperatie;78;postcoderoos;;
145;Wijdemeren;Noord-Holland;gepland;2019;dak;lokale coöperatie;140;postcoderoos;;
146;Amsterdam;Noord-Holland;voorbereiding;2020;water;lokale coöperatie;;onbekend;;
147;Amsterdam;Noord-Holland;voorbereiding;2020;dak;projectcoöperatie;58;postcoderoos;;
148;Amsterdam;Noord-Holland;voorbereiding;2020;dak;projectcoöperatie;;postcoderoos;;
149;Amsterdam;Noord-Holland;voorbereiding;2020;dak;projectcoöperatie;;postcoderoos;;
150;Amsterdam;Noord-Holland;voorbereiding;2020;dak;projectcoöperatie;;postcoderoos;;
151;Amsterdam;Noord-Holland;voorbereiding;2020;dak;projectcoöperatie;90;postcoderoos;;
152;Bergen;Noord-Holland;voorbereiding;2020;grond;lokale coöperatie;2000;SDE/;;
postcoderoos;;;;;;;;;;
153;Bergen;Noord-Holland;voorbereiding;2020;grond;lokale coöperatie;6000;SDE/;;
postcoderoos;;;;;;;;;;
154;Bergen;Noord-Holland;voorbereiding;2020;dak;lokale coöperatie;1750;postcoderoos;;
155;Bergen;Noord-Holland;voorbereiding;2020;grond;lokale coöperatie;20000;onbekend;;
156;Hilversum;Noord-Holland;voorbereiding;2020;dak;lokale coöperatie;522;SDE;;
157;Schagen;Noord-Holland;voorbereiding;2020;grond;lokale coöperatie;2500;SDE;;
158;Uitgeest;Noord-Holland;voorbereiding;2020;dak;lokale coöperatie;300;postcoderoos;;
159;Zaanstad;Noord-Holland;voorbereiding;2020;dak;projectcoöperatie;;postcoderoos;;
160;Beverwijk;Noord-Holland;oriëntatie;2020;dak;lokale coöperatie;;postcoderoos;;
161;Amsterdam;Noord-Holland ;stopgezet na realisatie;2014;dak;lokale coöperatie;6;salderen;;
162;Langedijk;Noord-Holland;stopgezet na realisatie;2014;grond;projectcoöperatie            ;172;postcoderoos;;
1;Borne;Overijssel;gerealiseerd;2016;dak;lokale coöperatie;55;postcoderoos;;
2;Dalfsen;Overijssel;gerealiseerd;2018;dak;lokale coöperatie;145;postcoderoos;;
3;Deventer;Overijssel;gerealiseerd;2018;dak;lokale coöperatie;66;postcoderoos;;
4;Deventer;Overijssel;gerealiseerd;2016;dak;lokale coöperatie;69;postcoderoos;;
5;Deventer;Overijssel;gerealiseerd;2018;dak;lokale coöperatie;69;postcoderoos;;
6;Enschede;Overijssel;gerealiseerd;2018;dak;lokale coöperatie;149;SDE;;
7;Enschede;Overijssel;gerealiseerd;2018;dak;lokale coöperatie;227;SDE;;
8;Heeten;Overijssel;gerealiseerd;2018;grond;lokale coöperatie;2248;SDE;;
9;Heeten;Overijssel;gerealiseerd;2018;grond;lokale coöperatie;98;SDE;;
10;Hengelo;Overijssel;gerealiseerd;2017;dak;projectcoöperatie;177;postcoderoos;;
11;Hof van Twente;Overijssel;gerealiseerd;2018;dak;lokale coöperatie;648;postcoderoos;;
12;Steenwijkerland;Overijssel;gerealiseerd;2018;dak;lokale coöperatie;120;postcoderoos;;
13;Steenwijkerland;Overijssel;gerealiseerd;2018;dak;lokale coöperatie;65;postcoderoos;;
14;Steenwijkerland;Overijssel;gerealiseerd;2018;dak;lokale coöperatie;109;postcoderoos;;
15;Wierden;Overijssel;gerealiseerd;2018;grond;lokale coöperatie;4020;SDE;;
16;Zwartewaterland;Overijssel;gerealiseerd;2017;dak;participatie;621;SDE;;
17;Zwolle;Overijssel;gerealiseerd;2017;dak;participatie;80;SDE;;
18;Dalfsen;Overijssel;gepland;2019;dak;lokale coöperatie;464;postcoderoos;;
19;Dalfsen;Overijssel;gepland;2019;dak;projectcoöperatie;157;postcoderoos;;
20;Dalfsen;Overijssel;gepland;2019;dak;participatie;504;SDE;;
21;Deventer;Overijssel;gepland;2019;dak;lokale coöperatie;138;postcoderoos;;
22;Enschede;Overijssel;gepland;2019;dak;lokale coöperatie;1800;SDE;;
23;Heeten;Overijssel;gepland;2019;grond;lokale coöperatie;364;SDE;;
24;Hof van Twente;Overijssel;gepland;2019;dak;lokale coöperatie;134;postcoderoos;;
25;Oldenzaal;Overijssel;gepland;2019;dak;lokale coöperatie;252;postcoderoos;;
26;Rijssen-Holten;Overijssel;gepland;2019;dak;lokale coöperatie;861;postcoderoos;;
27;Steenwijkerland;Overijssel;gepland;2019;grond;lokale coöperatie;120;onbekend;;
28;Enschede;Overijssel;voorbereiding;2020;grond;lokale coöperatie;15000;SDE/;;
postcoderoos;;;;;;;;;;
29;Hardenberg;Overijssel;voorbereiding;2020;grond;lokale coöperatie;;onbekend;;
30;Hellendoorn;Overijssel;voorbereiding;2020;dak;lokale coöperatie;1196;postcoderoos;;
31;Hellendoorn;Overijssel;voorbereiding;2020;grond;lokale coöperatie;416;postcoderoos;;
32;Hof van Twente;Overijssel;voorbereiding;2020;dak;lokale coöperatie;1080;postcoderoos;;
33;Oldebroek;Overijssel;voorbereiding;2020;dak;lokale coöperatie;;postcoderoos;;
34;Olst-Wijhe;Overijssel;voorbereiding;2020;grond;lokale coöperatie;6820;SDE;;
35;Wierden;Overijssel;voorbereiding;2020;dak;lokale coöperatie;720;postcoderoos;;
36;Zwartewater;Overijssel;voorbereiding;2020;dak;lokale coöperatie;;postcoderoos;;
37;Zwolle;Overijssel;voorbereiding;2020;dak;lokale coöperatie;;postcoderoos;;
1;Amersfoort;Utrecht;gerealiseerd;2015;dak;lokale coöperatie;117;SDE;;
2;Amersfoort;Utrecht;gerealiseerd;2017;dak;projectcoöperatie;250;postcoderoos;;
3;Amersfoort;Utrecht;gerealiseerd;2016;dak;lokale coöperatie;21;salderen;;
4;Amersfoort;Utrecht;gerealiseerd;2013;dak;lokale coöperatie;16;salderen;;
5;Amersfoort;Utrecht;gerealiseerd;2017;dak;participatie;50;SDE;;
6;Bunnik;Utrecht;gerealiseerd;2018;dak;lokale coöperatie;58;postcoderoos;;
7;De Bilt;Utrecht;gerealiseerd;2017;dak;lokale coöperatie;74;postcoderoos;;
8;De Bilt;Utrecht;gerealiseerd;2017;dak;lokale coöperatie;34;postcoderoos;;
9;De Bilt;Utrecht;gerealiseerd;2016;grond;lokale coöperatie;250;SDE;;
10;De Ronde Venen;Utrecht;gerealiseerd;2018;dak;projectcoöperatie;62;postcoderoos;;
11;De Ronde Venen;Utrecht;gerealiseerd;2018;dak;projectcoöperatie;121;postcoderoos;;
12;Houten;Utrecht;gerealiseerd;2017;dak;projectcoöperatie;452;postcoderoos;;
13;Houten;Utrecht;gerealiseerd;2017;dak;lokale coöperatie;95;postcoderoos;;
14;Leusden;Utrecht;gerealiseerd;2018;dak;lokale coöperatie;85;postcoderoos;;
15;Leusden;Utrecht;gerealiseerd;2017;dak;projectcoöperatie;73;postcoderoos;;
16;Mijdrecht;Utrecht;gerealiseerd;2014;dak;projectcoöperatie;19;salderen;;
17;Rhenen;Utrecht;gerealiseerd;2018;dak;lokale coöperatie;29;postcoderoos;;
18;Stichtse Vecht;Utrecht;gerealiseerd;2018;dak;lokale coöperatie;66;postcoderoos;;
19;Stichtse Vecht;Utrecht;gerealiseerd;2017;dak;participatie;125;SDE;;
20;Utrecht;Utrecht;gerealiseerd;2018;dak;lokale coöperatie;57;postcoderoos;;
21;Utrecht;Utrecht;gerealiseerd;2018;dak;lokale coöperatie;57;postcoderoos;;
22;Utrecht;Utrecht;gerealiseerd;2017;dak;lokale coöperatie;65;postcoderoos;;
23;Utrecht;Utrecht;gerealiseerd;2017;dak;lokale coöperatie;27;postcoderoos;;
24;Utrecht;Utrecht;gerealiseerd;2018;dak;lokale coöperatie;68;postcoderoos;;
25;Utrecht;Utrecht;gerealiseerd;2018;dak;projectcoöperatie;211;postcoderoos;;
26;Utrecht;Utrecht;gerealiseerd;2016;dak;lokale coöperatie;130;salderen;;
27;Utrechtse Heuvelrug;Utrecht;gerealiseerd;2017;dak;lokale coöperatie;140;SDE;;
28;Utrechtse Heuvelrug;Utrecht;gerealiseerd;2016;dak;lokale coöperatie;38;SDE;;
29;Wijk bij Duurstede;Utrecht;gerealiseerd;2015;dak;lokale coöperatie;131;SDE;;
30;Wijk bij Duurstede;Utrecht;gerealiseerd;2018;dak;lokale coöperatie;132;postcoderoos;;
31;Wijk bij Duurstede;Utrecht;gerealiseerd;2015;dak;lokale coöperatie;42;SDE;;
32;Woerden;Utrecht;gerealiseerd;2017;dak;projectcoöperatie;20;postcoderoos;;
33;Woerden;Utrecht;gerealiseerd;2014;dak;projectcoöperatie;35;postcoderoos;;
34;Zeist;Utrecht;gerealiseerd;2013;dak;lokale coöperatie;24;salderen;;
35;Amersfoort;Utrecht;gepland;2019;dak;projectcoöperatie;52;postcoderoos;;
36;Baarn;Utrecht;gepland;2019;dak;projectcoöperatie;346;postcoderoos;;
37;Bunnik;Utrecht;gepland;2019;dak;lokale coöperatie;97;postcoderoos;;
38;Bunnik;Utrecht;gepland;2019;dak;participatie;90;SDE;;
39;De Bilt;Utrecht;gepland;2019;dak;lokale coöperatie;1033;SDE;;
40;De Bilt;Utrecht;gepland;2019;dak;lokale coöperatie;230;SDE;;
41;Houten;Utrecht;gepland;2019;dak;participatie;378;SDE;;
42;Rhenen;Utrecht;gepland;2019;dak;participatie;26;salderen;;
43;Stichtse Vecht;Utrecht;gepland;2019;dak;lokale coöperatie;260;postcoderoos;;
44;Utrecht;Utrecht;gepland;2019;dak;projectcoöperatie;172;postcoderoos;;
45;Utrecht;Utrecht;gepland;2019;dak;projectcoöperatie;48;postcoderoos;;
46;Wijk bij Duurstede;Utrecht;gepland;2019;dak;lokale coöperatie;388;SDE;;
47;Wijk bij Duurstede;Utrecht;gepland;2019;dak;lokale coöperatie;72;postcoderoos;;
48;Woudenberg;Utrecht;gepland;2019;dak;projectcoöperatie;103;postcoderoos;;
49;Bunnik;Utrecht;voorbereiding;2020;dak;projectcoöperatie;;postcoderoos;;
50;Houten;Utrecht;voorbereiding;2020;grond/ dak;lokale coöperatie;210;SDE/;;
postcoderoos;;;;;;;;;;
51;Houten;Utrecht;voorbereiding;2020;grond/ dak;lokale coöperatie;2035;SDE/;;
postcoderoos;;;;;;;;;;
52;Houten;Utrecht;voorbereiding;2020;dak;lokale coöperatie;110;postcoderoos;;
53;Utrecht;Utrecht;voorbereiding;2020;grond;lokale coöperatie;59;onbekend;;
54;Utrechtse Heuvelrug;Utrecht;voorbereiding;2020;dak;lokale coöperatie;;postcoderoos;;
55;Utrechtse Heuvelrug;Utrecht;voorbereiding;2020;dak;lokale coöperatie;;postcoderoos;;
56;Montfoort;Utrecht;voorbereiding;2020;dak;lokale coöperatie;;postcoderoos;;
57;Utrecht;Utrecht;voorbereiding;2020;dak;projectcoöperatie;;postcoderoos;;
1;Borssele;Zeeland;gerealiseerd;2018;dak;projectcoöperatie;43;postcoderoos;;
2;Borssele;Zeeland;gerealiseerd;2011;dak;lokale coöperatie;15;salderen;;
3;Hulst;Zeeland;gerealiseerd;2018;dak;projectcoöperatie;75;postcoderoos;;
4;Hulst;Zeeland;gerealiseerd;2018;dak;projectcoöperatie;75;postcoderoos;;
5;Hulst;Zeeland;gerealiseerd;2017;dak;participatie;70;SDE;;
6;Middelburg;Zeeland;gerealiseerd;2018;dak;lokale coöperatie;51;postcoderoos;;
7;Middelburg;Zeeland;gerealiseerd;2018;grond;lokale coöperatie;182;postcoderoos;;
8;Schouwen-Duive- land;Zeeland;gerealiseerd;2018;dak;lokale coöperatie;54;postcoderoos;;
9;Schouwen-Duive- land;Zeeland;gerealiseerd;2017;dak;lokale coöperatie;18;postcoderoos;;
10;Sluis;Zeeland;gerealiseerd;2017;dak;projectcoöperatie;76;postcoderoos;;
11;Sluis;Zeeland;gerealiseerd;2017;dak;projectcoöperatie;75;postcoderoos;;
12;Sluis;Zeeland;gerealiseerd;2017;dak;projectcoöperatie;75;postcoderoos;;
13;Sluis;Zeeland;gerealiseerd;2018;dak;projectcoöperatie;75;postcoderoos;;
14;Sluis;Zeeland;gerealiseerd;2018;dak;projectcoöperatie;75;postcoderoos;;
15;Sluis;Zeeland;gerealiseerd;2017;dak;lokale coöperatie;75;postcoderoos;;
16;Terneuzen;Zeeland;gerealiseerd;2018;dak;projectcoöperatie;78;postcoderoos;;
17;Terneuzen;Zeeland;gerealiseerd;2018;dak;lokale coöperatie;61;postcoderoos;;
18;meerdere gemeenten;Zeeland;gepland;2019;dak;lokale coöperatie;;;;
19;Middelburg;Zeeland;gepland;2019;dak;projectcoöperatie;75;postcoderoos;;
20;Noord-Beveland;Zeeland;gepland;2019;dak;projectcoöperatie;74;postcoderoos;;
21;Reimerswaal;Zeeland;gepland;2019;grond;lokale coöperatie;;onbekend;;
22;Schouwen-Duive- land;Zeeland;gepland;2019;dak;lokale coöperatie;73;postcoderoos;;
23;Sluis;Zeeland;gepland;2019;dak;projectcoöperatie;77;postcoderoos;;
24;Sluis;Zeeland;gepland;2019;dak;projectcoöperatie;77;postcoderoos;;
25;Terneuzen;Zeeland;gepland;2019;dak;projectcoöperatie;75;postcoderoos;;
26;Veere;Zeeland;gepland;2019;dak;projectcoöperatie;65;postcoderoos;;
27;Veere;Zeeland;gepland;2019;grond;lokale coöperatie;2700;SDE;;
28;Veere;Zeeland;gepland;2019;dak;projectcoöperatie;82;postcoderoos;;
29;Hulst;Zeeland;voorbereiding;2020;dak;projectcoöperatie;75;postcoderoos;;
30;Hulst;Zeeland;voorbereiding;2020;dak;projectcoöperatie;;postcoderoos;;
31;Schouwen-Duive- land;Zeeland;voorbereiding;2020;dak;lokale coöperatie;;postcoderoos;;
1;Alphen aan den Rijn;Zuid-Holland;gerealiseerd;2017;anders;lokale coöperatie;20;SDE;;
2;Alphen aan den Rijn;Zuid-Holland;gerealiseerd;2017;dak;lokale coöperatie;29;SDE;;
3;Bodegraven-Reeu- wijk;Zuid-Holland;gerealiseerd;2016;dak;projectcoöperatie;66;postcoderoos;;
4;Bodegraven-Reeu- wijk;Zuid-Holland;gerealiseerd;2015;dak;projectcoöperatie;70;postcoderoos;;
5;Bodegraven-Reeu- wijk;Zuid-Holland;gerealiseerd;2017;dak;projectcoöperatie;34;postcoderoos;;
6;Bodegraven-Reeu- wijk;Zuid-Holland;gerealiseerd;2018;dak;projectcoöperatie;69;postcoderoos;;
7;Delft;Zuid-Holland;gerealiseerd;2013;dak;lokale coöperatie;22;salderen;;
8;Delft;Zuid-Holland;gerealiseerd;2018;dak;lokale coöperatie;91;postcoderoos;;
9;Delft;Zuid-Holland;gerealiseerd;2017;dak;participatie;37;SDE;;
10;Delft;Zuid-Holland;gerealiseerd;2016;dak;participatie;73;SDE;;
11;Den Haag;Zuid-Holland;gerealiseerd;2017;dak;projectcoöperatie;117;postcoderoos;;
12;Den Haag;Zuid-Holland;gerealiseerd;2018;dak;lokale coöperatie;88;postcoderoos;;
13;Den Haag;Zuid-Holland;gerealiseerd;2016;dak;lokale coöperatie;55;postcoderoos;;
14;Den Haag;Zuid-Holland;gerealiseerd;2017;dak;projectcoöperatie;74;postcoderoos;;
15;Den Haag;Zuid-Holland;gerealiseerd;2015;dak;lokale coöperatie;62;SDE;;
16;Den Haag;Zuid-Holland;gerealiseerd;2012;dak;projectcoöperatie;250;anders;;
17;Den Haag;Zuid-Holland;gerealiseerd;2015;dak;projectcoöperatie;56;SDE;;
18;Den Haag;Zuid-Holland;gerealiseerd;2015;dak;participatie;41;salderen;;
19;Den Haag;Zuid-Holland;gerealiseerd;2014;dak;lokale coöperatie;24;postcoderoos;;
20;Den Haag;Zuid-Holland;gerealiseerd;2014;dak;lokale coöperatie;46;postcoderoos;;
21;Den Haag;Zuid-Holland;gerealiseerd;2018;dak;lokale coöperatie;48;postcoderoos;;
22;Dordrecht;Zuid-Holland;gerealiseerd;2018;dak;lokale coöperatie;182;postcoderoos;;
23;Dordrecht;Zuid-Holland;gerealiseerd;2018;dak;lokale coöperatie;77;postcoderoos;;
24;Giessenlanden;Zuid-Holland;gerealiseerd;2018;dak;projectcoöperatie;60;postcoderoos;;
25;Goeree-Overflakkee;Zuid-Holland;gerealiseerd;2012;grond;lokale coöperatie;840;SDE;;
Overflakkee;;;;;;;;;;
26;Goeree-Overflakkee;Zuid-Holland;gerealiseerd;2018;dak;projectcoöperatie;67;postcoderoos;;
Overflakkee;;;;;;;;;;
27;Hendrik-Ido-Am- bacht;Zuid-Holland;gerealiseerd;2017;dak;lokale coöperatie;67;postcoderoos;;
28;Lansingerland;Zuid-Holland;gerealiseerd;2018;dak;participatie;444;SDE;;
29;Leiden;Zuid-Holland;gerealiseerd;2015;dak;lokale coöperatie;72;SDE;;
30;Leiden;Zuid-Holland;gerealiseerd;2018;dak;lokale coöperatie;151;postcoderoos;;
31;Molenwaard;Zuid-Holland;gerealiseerd;2017;dak;lokale coöperatie;87;postcoderoos;;
32;Nieuwkoop;Zuid-Holland;gerealiseerd;2018;dak;lokale coöperatie;55;postcoderoos;;
33;Nieuwkoop;Zuid-Holland;gerealiseerd;2018;dak;projectcoöperatie;73;postcoderoos;;
34;Ridderkerk;Zuid-Holland;gerealiseerd;2017;dak;lokale coöperatie;146;SDE;;
35;Rotterdam;Zuid-Holland;gerealiseerd;2018;dak;lokale coöperatie;49;postcoderoos;;
36;Rotterdam;Zuid-Holland;gerealiseerd;2017;dak;lokale coöperatie;51;postcoderoos;;
37;Rotterdam;Zuid-Holland;gerealiseerd;2016;grond;projectcoöperatie;57;postcoderoos;;
38;Rotterdam;Zuid-Holland;gerealiseerd;2015;dak;participatie;44;SDE;;
39;Rotterdam;Zuid-Holland;gerealiseerd;2015;dak;participatie;69;SDE;;
40;Rotterdam;Zuid-Holland;gerealiseerd;2017;dak;projectcoöperatie;24;postcoderoos;;
41;Schiedam;Zuid-Holland;gerealiseerd;2016;dak;lokale coöperatie;57;SDE;;
42;Voorschoten;Zuid-Holland;gerealiseerd;2017;dak;projectcoöperatie;59;postcoderoos;;
43;Westland;Zuid-Holland;gerealiseerd;2017;dak;participatie;176;SDE;;
44;Zoetermeer;Zuid-Holland;gerealiseerd;2015;dak;lokale coöperatie;27;SDE;;
45;Zwijndrecht;Zuid-Holland;gerealiseerd;2016;dak;lokale coöperatie;55;postcoderoos;;
46;Zwijndrecht;Zuid-Holland;gerealiseerd;2016;dak;lokale coöperatie;33;postcoderoos;;
47;Zwijndrecht;Zuid-Holland;gerealiseerd;2017;dak;lokale coöperatie;33;postcoderoos;;
48;Zwijndrecht;Zuid-Holland;gerealiseerd;2018;dak;lokale coöperatie;33;postcoderoos;;
49;Albrandswaard;Zuid-Holland;gepland;2019;grond;lokale coöperatie;246;postcoderoos;;
50;Alphen aan den Rijn;Zuid-Holland;gepland;2019;dak;lokale coöperatie;480;postcoderoos;;
51;Alphen aan den Rijn;Zuid-Holland;gepland;2019;dak;lokale coöperatie;48;postcoderoos;;
52;Alphen aan den Rijn;Zuid-Holland;gepland;2019;dak;participatie;;SDE;;
53;Barendrecht;Zuid-Holland;gepland;2019;grond;projectcoöperatie;64;postcoderoos;;
54;Barendrecht;Zuid-Holland;gepland;2019;grond;projectcoöperatie;326;SDE;;
55;Delfgauw;Zuid-Holland;gepland;2019;dak;projectcoöperatie;130;SDE;;
56;Delft;Zuid-Holland;gepland;2019;dak;lokale coöperatie;360;postcoderoos;;
57;Delft;Zuid-Holland;gepland;2019;dak;lokale coöperatie;;postcoderoos;;
58;Delft;Zuid-Holland;gepland;2019;dak;participatie;50;SDE;;
59;Goeree-Overflakkee;Zuid-Holland;gepland;2019;water;lokale coöperatie;44;postcoderoos;;
Overflakkee;;;;;;;;;;
60;Hoofddorp;Zuid-Holland;gepland;2019;grond;projectcoöperatie;500;SDE;;
61;Kaag en Braassem;Zuid-Holland;gepland;2019;dak;lokale coöperatie;64;postcoderoos;;
62;Kaag en Braassem;Zuid-Holland;gepland;2019;dak;lokale coöperatie;74;postcoderoos;;
63;Lansingerland;Zuid-Holland;gepland;2019;dak;lokale coöperatie;283;postcoderoos;;
64;Leidschendam-Voorburg;Zuid-Holland;gepland;2019;dak;projectcoöperatie;;postcoderoos;;
dam-Voorburg;;;;;;;;;;
65;Molenwaard;Zuid-Holland;gepland;2019;dak;projectcoöperatie;68;postcoderoos;;
66;Nieuwkoop;Zuid-Holland;gepland;2019;dak;lokale coöperatie;42;postcoderoos;;
67;Nieuwkoop;Zuid-Holland;gepland;2019;dak;lokale coöperatie;139;anders;;
68;Nieuwkoop;Zuid-Holland;gepland;2019;dak;lokale coöperatie;124;postcoderoos;;
69;Nieuwkoop;Zuid-Holland;gepland;2019;dak;lokale coöperatie;138;postcoderoos;;
70;Nieuwkoop;Zuid-Holland;gepland;2019;dak;lokale coöperatie;206;postcoderoos;;
71;Nieuwkoop;Zuid-Holland;gepland;2019;dak;projectcoöperatie;20;postcoderoos;;
72;Noordwijk;Zuid-Holland;gepland;2019;dak;projectcoöperatie;180;postcoderoos;;
73;Oegstgeest;Zuid-Holland;gepland;2019;dak;lokale coöperatie;174;postcoderoos;;
74;Papendrecht;Zuid-Holland;gepland;2019;dak;lokale coöperatie;206;postcoderoos;;
75;Pijnacker-Noot- dorp;Zuid-Holland;gepland;2019;dak;lokale coöperatie;300;postcoderoos;;
76;Ridderkerk;Zuid-Holland;gepland;2019;dak;lokale coöperatie;71;postcoderoos;;
77;Rijswijk;Zuid-Holland;gepland;2019;dak;projectcoöperatie;90;postcoderoos;;
78;Rotterdam;Zuid-Holland;gepland;2019;grond;projectcoöperatie;59;postcoderoos;;
79;Rotterdam;Zuid-Holland;gepland;2019;grond;projectcoöperatie;420;SDE;;
80;Schiedam;Zuid-Holland;gepland;2019;dak;lokale coöperatie;700;SDE;;
81;Vlaardingen;Zuid-Holland;gepland;2019;dak;lokale coöperatie;76;postcoderoos;;
82;Vlaardingen;Zuid-Holland;gepland;2019;dak;lokale coöperatie;76;postcoderoos;;
83;Voorne-Putten;Zuid-Holland;gepland;2019;dak;lokale coöperatie;193;postcoderoos;;
84;Voorne-Putten;Zuid-Holland;gepland;2019;dak;lokale coöperatie;176;postcoderoos;;
85;Zoetermeer;Zuid-Holland;gepland;2019;dak;lokale coöperatie;23;postcoderoos;;
86;Zoetermeer;Zuid-Holland;gepland;2019;dak;lokale coöperatie;23;postcoderoos;;
87;Zoeterwoude;Zuid-Holland;gepland;2019;dak;lokale coöperatie;84;postcoderoos;;
88;Alblasserdam;Zuid-Holland;voorbereiding;2020;dak;projectcoöperatie;;postcoderoos;;
89;Alphen aan den Rijn;Zuid-Holland;voorbereiding;2020;dak;lokale coöperatie;435;onbekend;;
90;Alphen aan den Rijn;Zuid-Holland;voorbereiding;2020;grond;lokale coöperatie;936;SDE;;
91;Barendrecht;Zuid-Holland;voorbereiding;2020;dak;projectcoöperatie;;onbekend;;
92;Bodegraven-Reeu- wijk;Zuid-Holland;voorbereiding;2020;dak;lokale coöperatie;;postcoderoos;;
93;Den Haag;Zuid-Holland;voorbereiding;2020;dak;lokale coöperatie;5400;SDE/;;
postcoderoos;;;;;;;;;;
94;Gouda;Zuid-Holland;voorbereiding;2020;dak;lokale coöperatie;;postcoderoos;;
95;Gouda;Zuid-Holland;voorbereiding;2020;dak;lokale coöperatie;;postcoderoos;;
96;Leidschendam-Voorburg;Zuid-Holland;voorbereiding;2020;dak;projectcoöperatie;73;postcoderoos;;
dam-Voorburg;;;;;;;;;;
97;Ridderkerk;Zuid-Holland;voorbereiding;2020;grond;lokale coöperatie;;onbekend;;
98;Rotterdam;Zuid-Holland;voorbereiding;2020;dak;lokale coöperatie;3000;postcoderoos;;
99;Voorne-Putten;Zuid-Holland;voorbereiding;2020;grond;lokale coöperatie;8100;SDE;;
100;Zuidplas;Zuid-Holland;voorbereiding;2020;dak;projectcoöperatie;;postcoderoos;;
101;Zuidplas;Zuid-Holland;voorbereiding;2020;dak;projectcoöperatie;73;postcoderoos;;
102;Zuidplas;Zuid-Holland;voorbereiding;2020;dak;projectcoöperatie;73;postcoderoos;;
103;Capelle aan de ijssel;Zuid-Holland;voorbereiding;2020;dak;projectcoöperatie;;postcoderoos;;
;diverse locaties;Nederland;gerealiseerd;2008;dak;participatie;;anders;;
;diverse locaties;Nederland;voorbereiding;2020;dak;projectcoöperatie;;postcoderoos;;